订单号,下单时间,订单金额,结算金额,京东券优惠,礼品卡优惠,优惠明细（A表示含有订单优惠，B表示只有单品优惠，C表示无优惠）,订单状态,订单类型,
8579686469,2015-02-28 13:54:21,117.00,59.40,0.00,0.00,B【单品促销优惠（1216417435）：57.60】,等待出库,销售订单,
8579778308,2015-02-28 13:45:21,390.00,112.00,0.00,0.00,B【单品促销优惠（1031808396）：278.00】,等待出库,销售订单,
8579696600,2015-02-28 13:35:00,436.00,276.00,0.00,0.00,B【单品促销优惠（1079134370）：160.00】,等待出库,销售订单,
8578597541,2015-02-28 11:32:39,158.00,79.00,0.00,0.00,B【单品促销优惠（1031180370）：79.00】,等待出库,销售订单,
8577277207,2015-02-28 10:44:37,128.00,65.00,0.00,0.00,B【单品促销优惠（1031268921）：63.00】,等待出库,销售订单,
8577016183,2015-02-28 10:10:25,298.00,89.00,0.00,0.00,B【单品促销优惠（1071191979）：209.00】,等待出库,销售订单,
8576720550,2015-02-28 09:28:11,278.00,139.00,0.00,0.00,B【单品促销优惠（1031830982）：139.00】,等待出库,销售订单,
8575686239,2015-02-28 05:50:22,360.00,149.70,0.00,0.00,B【单品促销优惠（1336921615）：210.30】,等待出库,销售订单,
8573706687,2015-02-27 22:43:30,289.00,141.80,18.00,0.00,B【单品促销优惠（1030958198）：2.00】【单品促销优惠（1096526806）：35.20】【单品促销优惠（1031826593）：50.00】【单品促销优惠（1353616577）：30.00】【单品促销优惠（1178530987）：30.00】,等待出库,销售订单,
8573658639,2015-02-27 22:37:17,158.00,79.00,0.00,0.00,B【单品促销优惠（1031180370）：79.00】,等待出库,销售订单,
8573485670,2015-02-27 22:15:52,718.50,160.00,0.00,0.00,A【单品促销优惠（1096351448）：508.50】【店铺优惠:50.00】,等待出库,销售订单,
8572821767,2015-02-27 20:52:03,337.00,92.80,0.00,0.00,A【单品促销优惠（1160702178）：38.00】【单品促销优惠（1216406256）：19.10】【单品促销优惠（1348189715）：19.10】【单品促销优惠（1116488900）：158.00】【店铺优惠:10.00】,等待出库,销售订单,
8573852644,2015-02-27 20:47:09,128.00,65.00,0.00,0.00,B【单品促销优惠（1031268921）：63.00】,等待出库,销售订单,
8572525158,2015-02-27 20:13:56,218.80,98.80,0.00,0.00,A【店铺优惠:10.00】【单品促销优惠（1031180370）：79.00】【单品促销优惠（1181528621）：11.10】【单品促销优惠（1247998323）：19.90】,等待出库,销售订单,
8573566336,2015-02-27 20:09:41,472.00,150.90,0.00,0.00,A【单品促销优惠（1031864931）：24.10】【单品促销优惠（1031825822）：184.00】【单品促销优惠（1031268921）：63.00】【店铺优惠:50.00】,等待出库,销售订单,
8572199943,2015-02-27 19:28:40,891.00,157.00,0.00,0.00,A【店铺优惠:50.00】【单品促销优惠（1096568963）：684.00】,等待出库,销售订单,
8573105080,2015-02-27 19:05:10,891.00,157.00,0.00,0.00,A【单品促销优惠（1096568963）：684.00】【店铺优惠:50.00】,等待出库,销售订单,
8572193209,2015-02-27 17:14:25,92.00,65.90,0.00,0.00,B【单品促销优惠（1079224128）：26.10】,等待出库,销售订单,
8572246652,2015-02-27 17:02:16,278.00,139.00,0.00,139.00,B【单品促销优惠（1031830982）：139.00】,等待出库,销售订单,
8570867422,2015-02-27 16:20:33,92.00,92.00,0,0,C无优惠,等待出库,销售订单,
8571492793,2015-02-27 15:44:21,715.00,168.00,0.00,0.00,A【店铺优惠:50.00】【单品促销优惠（1031864369）：138.00】【单品促销优惠（1031808396）：278.00】【单品促销优惠（1323453413）：81.00】,等待出库,销售订单,
8571542260,2015-02-27 15:32:25,636.80,152.00,0.00,0.00,A【单品促销优惠（1096351448）：67.80】【单品促销优惠（1031808396）：139.00】【单品促销优惠（1051105098）：50.00】【单品促销优惠（1096490204）：178.00】【店铺优惠:50.00】,等待出库,销售订单,
8571234865,2015-02-27 15:11:01,148.00,59.00,0.00,0.00,B【单品促销优惠（1038291460）：89.00】,等待出库,销售订单,
8571211640,2015-02-27 14:49:30,595.20,162.90,0.00,0.00,A【单品促销优惠（1031808396）：139.00】【单品促销优惠（1041750488）：98.00】【单品促销优惠（1247973687）：46.20】【单品促销优惠（1248041946）：49.10】【单品促销优惠（1213137693）：50.00】【店铺优惠:50.00】,等待出库,销售订单,
8570132923,2015-02-27 14:46:57,158.00,79.00,0.00,0.00,B【单品促销优惠（1031180370）：79.00】,等待出库,销售订单,
8569749735,2015-02-27 13:57:05,138.00,63.80,0.00,0.00,B【单品促销优惠（1213148978）：74.20】,等待出库,销售订单,
8569479223,2015-02-27 13:22:20,239.50,70.00,0.00,0.00,B【单品促销优惠（1096351448）：169.50】,等待出库,销售订单,
8570340161,2015-02-27 13:14:15,372.00,122.00,0.00,0.00,B【单品促销优惠（1031808396）：139.00】【单品促销优惠（1031827952）：111.00】,等待出库,销售订单,
8569342283,2015-02-27 13:03:38,278.00,129.00,0.00,0.00,A【店铺优惠:10.00】【单品促销优惠（1031830982）：139.00】,等待出库,销售订单,
8569082771,2015-02-27 12:26:10,148.00,59.00,0.00,0.00,B【单品促销优惠（1038291460）：89.00】,等待出库,销售订单,
8568760530,2015-02-27 11:40:46,110.00,49.00,0.00,0.00,B【单品促销优惠（1177338752）：61.00】,等待出库,销售订单,
8568628110,2015-02-27 11:22:42,46.00,46.00,0,0,C无优惠,等待出库,销售订单,
8568423551,2015-02-27 10:53:52,98.00,59.00,0.00,0.00,B【单品促销优惠（1031865939）：39.00】,等待出库,销售订单,
8569219793,2015-02-27 10:36:23,98.00,59.00,0.00,0.00,B【单品促销优惠（1031865939）：39.00】,(删除)锁定,销售订单,
8568232422,2015-02-27 10:27:08,174.00,59.40,0.00,0.00,B【单品促销优惠（1216406256）：114.60】,等待出库,销售订单,
8568932865,2015-02-27 09:50:35,195.00,68.60,0.00,0.00,B【单品促销优惠（1216406256）：76.40】【单品促销优惠（1213137693）：50.00】,等待确认收货,销售订单,
8568937948,2015-02-27 09:30:39,256.00,130.00,0.00,0.00,B【单品促销优惠（1031268921）：126.00】,等待确认收货,销售订单,
8568851228,2015-02-27 09:12:55,711.00,156.00,0.00,0.00,A【店铺优惠:50.00】【单品促销优惠（1051105098）：100.00】【单品促销优惠（1031808396）：139.00】【单品促销优惠（1096260100）：266.00】,等待确认收货,销售订单,
8568543637,2015-02-27 08:27:22,482.00,160.90,0.00,0.00,B【单品促销优惠（1216406256）：19.10】【单品促销优惠（1213152357）：60.00】【单品促销优惠（1031808396）：139.00】【单品促销优惠（1031826845）：103.00】,等待确认收货,销售订单,
8566871094,2015-02-27 02:43:48,158.00,79.00,0.00,0.00,B【单品促销优惠（1031180370）：79.00】,等待确认收货,销售订单,
8566366514,2015-02-26 23:45:46,891.00,157.00,0.00,0.00,A【单品促销优惠（1096568963）：684.00】【店铺优惠:50.00】,等待确认收货,销售订单,
8567211661,2015-02-26 23:28:10,651.00,151.00,0.00,0.00,A【单品促销优惠（1096568963）：228.00】【单品促销优惠（1031827952）：222.00】【店铺优惠:50.00】,等待确认收货,销售订单,
8566892277,2015-02-26 22:30:46,293.00,154.00,0.00,150.00,A【单品促销优惠（1031180370）：79.00】【单品促销优惠（1030958198）：10.00】【店铺优惠:50.00】,等待确认收货,销售订单,
8566695940,2015-02-26 21:38:16,105.60,59.40,0.00,0.00,B【单品促销优惠（1247963581）：46.20】,等待出库,销售订单,
8566542529,2015-02-26 21:36:05,218.80,98.80,0.00,0.00,A【店铺优惠:10.00】【单品促销优惠（1031180370）：79.00】【单品促销优惠（1181528621）：11.10】【单品促销优惠（1247998323）：19.90】,(删除)锁定,销售订单,
8565366246,2015-02-26 20:56:01,316.00,148.00,0.00,0.00,A【单品促销优惠（1031180370）：158.00】【店铺优惠:10.00】,等待确认收货,销售订单,
8566376485,2015-02-26 20:43:16,179.00,56.00,0.00,0.00,B【单品促销优惠（1030957237）：123.00】,等待出库,销售订单,
8564752211,2015-02-26 19:08:17,222.00,64.00,0.00,0.00,B【单品促销优惠（1116488900）：158.00】,等待确认收货,销售订单,
8565720912,2015-02-26 18:44:31,268.00,139.00,0.00,0.00,B【单品促销优惠（1234083810）：129.00】,等待出库,销售订单,
8566214336,2015-02-26 17:08:33,355.20,102.40,0.00,0.00,B【单品促销优惠（1116488900）：252.80】,等待确认收货,销售订单,
8564071879,2015-02-26 16:57:52,138.00,78.00,0.00,0.00,B【单品促销优惠（1178530987）：60.00】,等待确认收货,销售订单,
8565050364,2015-02-26 16:51:37,543.00,150.80,0.00,0.00,A【单品促销优惠（1096260100）：133.00】【店铺优惠:50.00】【单品促销优惠（1031180370）：79.00】【单品促销优惠（1031825822）：92.00】【单品促销优惠（1264909549）：38.20】,等待出库,销售订单,
8563964491,2015-02-26 16:47:32,128.00,65.00,0.00,0.00,B【单品促销优惠（1031268921）：63.00】,等待出库,销售订单,
8563834694,2015-02-26 16:28:39,434.00,150.00,0.00,0.00,A【单品促销优惠（1031180370）：79.00】【单品促销优惠（1031825822）：92.00】【单品促销优惠（1031268921）：63.00】【店铺优惠:50.00】,等待确认收货,销售订单,
8564830780,2015-02-26 16:15:46,195.00,56.00,0.00,0.00,B【单品促销优惠（1031808396）：139.00】,等待确认收货,销售订单,
8563575566,2015-02-26 15:45:23,79.00,29.00,0.00,0.00,B【单品促销优惠（1051105098）：50.00】,等待确认收货,销售订单,
8564621336,2015-02-26 15:42:52,268.00,129.00,0.00,0.00,A【单品促销优惠（1234083810）：129.00】【店铺优惠:10.00】,等待出库,销售订单,
8564425981,2015-02-26 15:33:51,158.00,79.00,0.00,0.00,B【单品促销优惠（1031180370）：79.00】,等待确认收货,销售订单,
8564494828,2015-02-26 15:21:15,99.00,99.00,0,0,C无优惠,等待确认收货,销售订单,
8564032605,2015-02-26 14:29:06,70.00,59.00,0.00,0.00,B【单品促销优惠（1053929675）：11.00】,等待确认收货,销售订单,
8563857161,2015-02-26 13:59:15,238.80,75.90,15.00,0.00,B【单品促销优惠（1248040257）：29.90】【单品促销优惠（1096260100）：133.00】,等待确认收货,销售订单,
8562844369,2015-02-26 11:05:42,496.00,184.00,0.00,0.00,A【单品促销优惠（1181549736）：100.00】【店铺优惠:10.00】【单品促销优惠（1031180370）：79.00】【单品促销优惠（1030957237）：123.00】,等待出库,销售订单,
8561183891,2015-02-26 09:10:34,92.00,65.90,0.00,0.00,B【单品促销优惠（1079224128）：26.10】,等待确认收货,销售订单,
8560871786,2015-02-26 08:02:51,46.00,19.90,0.00,0.00,B【单品促销优惠（1079224128）：26.10】,等待确认收货,销售订单,
8559601130,2015-02-26 00:18:07,552.00,160.30,0.00,0.00,A【店铺优惠:50.00】【单品促销优惠（1031864931）：48.20】【单品促销优惠（1178472591）：138.20】【单品促销优惠（1031836841）：21.30】【单品促销优惠（1060294136）：34.00】【单品促销优惠（1031824049）：100.00】,等待确认收货,销售订单,
8560064213,2015-02-25 22:42:44,666.00,149.90,0.00,0.00,A【单品促销优惠（1031836841）：7.10】【店铺优惠:50.00】【单品促销优惠（1031864369）：138.00】【单品促销优惠（1031808396）：278.00】【单品促销优惠（1031827354）：43.00】,等待确认收货,销售订单,
8558947210,2015-02-25 22:12:21,656.90,158.00,0.00,0.00,A【单品促销优惠（1041750488）：98.00】【单品促销优惠（1096351448）：33.90】【单品促销优惠（1096425931）：178.00】【单品促销优惠（1031808396）：139.00】【店铺优惠:50.00】,等待确认收货,销售订单,
8559844277,2015-02-25 22:06:56,255.00,106.80,0.00,0.00,B【单品促销优惠（1041750488）：98.00】【单品促销优惠（1216406256）：38.20】【单品促销优惠（1031843732）：12.00】,等待确认收货,销售订单,
8559280109,2015-02-25 20:34:28,557.00,151.30,0.00,0.00,A【店铺优惠:50.00】【单品促销优惠（1348189715）：133.70】【单品促销优惠（1031827952）：222.00】,等待确认收货,销售订单,
8558982401,2015-02-25 19:42:46,363.00,153.90,0.00,0.00,A【单品促销优惠（1096260100）：133.00】【单品促销优惠（1079224128）：26.10】【店铺优惠:50.00】,等待确认收货,销售订单,
8558909568,2015-02-25 19:00:30,148.00,59.00,0.00,0.00,B【单品促销优惠（1038291460）：89.00】,等待确认收货,销售订单,
8557738615,2015-02-25 18:40:09,179.00,56.00,7.00,0.00,B【单品促销优惠（1030957237）：123.00】,(删除)锁定,销售订单,
8557392663,2015-02-25 17:31:50,716.00,174.00,0.00,0.00,A【单品促销优惠（1030957237）：492.00】【店铺优惠:50.00】,等待确认收货,销售订单,
8558087305,2015-02-25 16:49:16,298.00,89.00,0.00,0.00,B【单品促销优惠（1071191979）：209.00】,等待确认收货,销售订单,
8556981686,2015-02-25 16:18:20,465.90,151.30,0.00,0.00,A【单品促销优惠（1031831609）：42.40】【单品促销优惠（1213148978）：37.10】【单品促销优惠（1353559972）：11.10】【单品促销优惠（1096351448）：33.90】【单品促销优惠（1031180370）：79.00】【单品促销优惠（1160702178）：38.00】【单品促销优惠（1408609111）：23.10】【店铺优惠:50.00】,等待出库,销售订单,
8556856186,2015-02-25 15:57:14,253.80,97.00,0.00,0.00,A【单品促销优惠（1096351448）：67.80】【店铺优惠:10.00】【单品促销优惠（1031180370）：79.00】,等待确认收货,销售订单,
8556560063,2015-02-25 15:02:45,174.00,59.40,0.00,0.00,B【单品促销优惠（1264909549）：76.40】【单品促销优惠（1216406256）：38.20】,等待确认收货,销售订单,
8556738937,2015-02-25 12:37:13,158.00,79.00,0.00,0.00,B【单品促销优惠（1031180370）：79.00】,等待确认收货,销售订单,
8555981989,2015-02-25 10:20:09,316.00,158.00,0.00,0.00,B【单品促销优惠（1031180370）：158.00】,等待确认收货,销售订单,
8555933224,2015-02-25 09:45:09,158.00,58.00,0.00,0.00,B【单品促销优惠（1051105098）：100.00】,等待确认收货,销售订单,
8554725907,2015-02-25 09:16:11,160.00,68.70,0.00,0.00,B【单品促销优惠（1060294136）：34.00】【单品促销优惠（1216406256）：57.30】,等待确认收货,销售订单,
8554768216,2015-02-25 01:59:23,298.00,92.00,0.00,0.00,B【单品促销优惠（1031826845）：206.00】,(删除)锁定,销售订单,
8554314056,2015-02-24 23:26:07,256.00,98.00,0.00,0.00,B【单品促销优惠（1041750488）：98.00】【单品促销优惠（1213152357）：60.00】,等待出库,销售订单,
8553491237,2015-02-24 21:00:53,146.00,78.00,0.00,0.00,B【单品促销优惠（1060294136）：68.00】,等待确认收货,销售订单,
8551923670,2015-02-24 18:27:51,177.00,66.00,0.00,0.00,B【单品促销优惠（1031827952）：111.00】,等待确认收货,销售订单,
8552856269,2015-02-24 18:26:03,325.00,104.80,12.00,0.00,B【单品促销优惠（1079224128）：26.10】【单品促销优惠（1051105098）：50.00】【单品促销优惠（1096260100）：133.00】【单品促销优惠（1353559972）：11.10】,等待确认收货,销售订单,
8551798046,2015-02-24 17:51:47,215.00,106.90,0.00,0.00,B【单品促销优惠（1031270315）：48.10】【单品促销优惠（1178530987）：60.00】,等待确认收货,销售订单,
8552837216,2015-02-24 17:41:59,125.00,75.00,0.00,0.00,B【单品促销优惠（1213137693）：50.00】,等待确认收货,销售订单,
8552742840,2015-02-24 17:18:26,46.00,46.00,0,0,C无优惠,等待出库,销售订单,
8551519263,2015-02-24 16:44:33,502.00,184.00,0.00,0.00,B【单品促销优惠（1031824049）：100.00】【单品促销优惠（1031180370）：79.00】【单品促销优惠（1031808396）：139.00】,等待确认收货,销售订单,
8551823089,2015-02-24 14:05:34,533.00,155.90,0.00,0.00,A【单品促销优惠（1213152357）：60.00】【单品促销优惠（1059049671）：178.00】【单品促销优惠（1213126821）：59.10】【单品促销优惠（1353616577）：30.00】【店铺优惠:50.00】,等待确认收货,销售订单,
8551533000,2015-02-24 12:15:45,99.00,99.00,0,0,C无优惠,等待确认收货,销售订单,
8550985905,2015-02-24 10:32:09,514.00,167.00,0.00,0.00,A【单品促销优惠（1059049671）：89.00】【单品促销优惠（1193004860）：208.00】【店铺优惠:50.00】,等待出库,销售订单,
8550845457,2015-02-24 10:07:51,592.00,174.00,0.00,0.00,A【单品促销优惠（1031825822）：368.00】【店铺优惠:50.00】,等待确认收货,销售订单,
8550837904,2015-02-24 09:26:40,595.00,150.00,0.00,0.00,A【单品促销优惠（1031180370）：79.00】【单品促销优惠（1051105098）：50.00】【单品促销优惠（1096260100）：266.00】【店铺优惠:50.00】,等待确认收货,销售订单,
8550739869,2015-02-24 09:08:17,44.40,12.80,0.00,0.00,B【单品促销优惠（1116488900）：31.60】,等待确认收货,销售订单,
8550459388,2015-02-24 06:54:20,395.00,145.00,0.00,0.00,B【单品促销优惠（1051105098）：250.00】,等待确认收货,销售订单,
8549474480,2015-02-23 22:55:05,120.00,100.00,0.00,0.00,B【单品促销优惠（1031842119）：20.00】,等待确认收货,销售订单,
8548979381,2015-02-23 21:31:39,358.00,112.00,0.00,0.00,B【单品促销优惠（1030957237）：246.00】,等待确认收货,销售订单,
8548729953,2015-02-23 20:30:34,158.00,79.00,0.00,0.00,B【单品促销优惠（1031180370）：79.00】,等待确认收货,销售订单,
8548549941,2015-02-23 19:43:16,128.00,65.00,0.00,0.00,B【单品促销优惠（1031268921）：63.00】,等待确认收货,销售订单,
8547549746,2015-02-23 19:28:43,99.00,99.00,0.00,98.60,C无优惠,等待确认收货,销售订单,
8547438071,2015-02-23 18:56:20,298.00,89.00,0.00,0.00,B【单品促销优惠（1071191979）：209.00】,等待确认收货,销售订单,
8547147263,2015-02-23 17:35:41,158.00,79.00,0.00,0.00,B【单品促销优惠（1031180370）：79.00】,等待确认收货,销售订单,
8547145010,2015-02-23 17:34:41,206.00,81.00,0.00,0.00,B【单品促销优惠（1030957237）：123.00】【单品促销优惠（1030958198）：2.00】,等待确认收货,销售订单,
8547019694,2015-02-23 16:20:48,158.00,79.00,0.00,0.00,B【单品促销优惠（1031180370）：79.00】,等待确认收货,销售订单,
8547734848,2015-02-23 15:20:11,276.00,98.00,0.00,0.00,B【单品促销优惠（1059049671）：178.00】,等待确认收货,销售订单,
8546196043,2015-02-23 13:16:36,387.00,144.00,0.00,0.00,B【单品促销优惠（1323453413）：243.00】,等待确认收货,销售订单,
8546135975,2015-02-23 12:59:53,390.00,102.00,0.00,0.00,A【单品促销优惠（1031808396）：278.00】【店铺优惠:10.00】,等待确认收货,销售订单,
8544313530,2015-02-23 01:07:03,311.20,147.60,0.00,0.00,B【单品促销优惠（1248001565）：163.60】,等待确认收货,销售订单,
8544147247,2015-02-22 23:57:25,343.00,105.00,0.00,0.00,A【单品促销优惠（1031808396）：139.00】【单品促销优惠（1038291460）：89.00】【店铺优惠:10.00】,等待出库,销售订单,
8544662432,2015-02-22 20:55:09,297.00,69.00,9.00,0.00,B【单品促销优惠（1096568963）：228.00】,等待确认收货,销售订单,
8543549258,2015-02-22 20:47:19,128.00,65.00,0.00,0.00,B【单品促销优惠（1031268921）：63.00】,等待确认收货,销售订单,
8543368474,2015-02-22 19:52:03,98.00,59.00,0.00,0.00,B【单品促销优惠（1031865939）：39.00】,等待确认收货,销售订单,
8543837409,2015-02-22 17:15:15,230.60,93.60,0.00,0.00,A【单品促销优惠（1248001565）：81.80】【店铺优惠:10.00】【单品促销优惠（1079233794）：19.10】【单品促销优惠（1079224128）：26.10】,等待出库,销售订单,
8542946541,2015-02-22 12:18:40,177.00,66.00,3.00,0.00,B【单品促销优惠（1031827952）：111.00】,等待确认收货,销售订单,
8542700137,2015-02-22 10:59:39,343.00,112.00,0.00,0.00,B【单品促销优惠（1031808396）：139.00】【单品促销优惠（1031825822）：92.00】,等待确认收货,销售订单,
8541396474,2015-02-22 09:02:52,515.00,152.20,0.00,0.00,A【单品促销优惠（1096451902）：77.20】【单品促销优惠（1031836841）：7.10】【单品促销优惠（1031865939）：39.00】【单品促销优惠（1181528621）：11.10】【单品促销优惠（1334284628）：80.40】【单品促销优惠（1041750488）：98.00】【店铺优惠:50.00】,等待出库,销售订单,
8541249138,2015-02-22 08:00:31,316.00,89.00,0.00,0.00,A【单品促销优惠（1160129659）：11.00】【单品促销优惠（1031826845）：206.00】【店铺优惠:10.00】,等待确认收货,销售订单,
8542314852,2015-02-22 07:52:08,490.00,149.90,0.00,0.00,A【单品促销优惠（1031268921）：63.00】【单品促销优惠（1096260100）：133.00】【店铺优惠:50.00】【单品促销优惠（1031180370）：79.00】【单品促销优惠（1224847251）：15.10】,等待确认收货,销售订单,
8541213641,2015-02-21 23:34:39,118.00,43.90,0.00,0.00,B【单品促销优惠（1051105098）：50.00】【单品促销优惠（1408491153）：24.10】,等待确认收货,销售订单,
8540112159,2015-02-21 22:43:32,358.00,112.00,0.00,0.00,B【单品促销优惠（1030957237）：246.00】,(删除)锁定,销售订单,
8539369687,2015-02-21 18:35:59,327.00,207.00,0.00,0.00,B【单品促销优惠（1031832162）：120.00】,等待出库,销售订单,
8538265479,2015-02-21 12:17:27,195.00,56.00,0.00,0.00,B【单品促销优惠（1031808396）：139.00】,(删除)锁定,销售订单,
8536556483,2015-02-20 22:59:29,177.00,66.00,0.00,0.00,B【单品促销优惠（1031827952）：111.00】,等待确认收货,销售订单,
8537873902,2015-02-20 22:25:57,29.00,9.90,0.00,0.00,B【单品促销优惠（1264909549）：19.10】,(删除)锁定,销售订单,
8536486842,2015-02-20 22:25:32,158.00,79.00,0.00,0.00,B【单品促销优惠（1031180370）：79.00】,等待确认收货,销售订单,
8536205642,2015-02-20 20:49:40,195.00,56.00,0.00,0.00,B【单品促销优惠（1031808396）：139.00】,等待确认收货,销售订单,
8535922943,2015-02-20 19:21:29,198.00,59.80,0.00,0.00,B【单品促销优惠（1178472591）：138.20】,等待确认收货,销售订单,
8535756482,2015-02-20 18:09:00,196.00,196.00,18.00,0.00,C无优惠,等待确认收货,销售订单,
8535427106,2015-02-20 16:16:01,98.00,98.00,0,0,C无优惠,等待确认收货,销售订单,
8536117393,2015-02-20 14:52:11,46.00,46.00,2.00,0.00,C无优惠,等待确认收货,销售订单,
8536075697,2015-02-20 14:39:55,507.00,151.60,0.00,0.00,A【单品促销优惠（1031829675）：69.00】【单品促销优惠（1336921615）：210.30】【单品促销优惠（1408620283）：26.10】【店铺优惠:50.00】,等待出库,销售订单,
8536163432,2015-02-20 14:16:07,92.00,92.00,0,0,C无优惠,等待确认收货,销售订单,
8533498601,2015-02-19 21:20:04,589.00,149.70,0.00,0.00,A【单品促销优惠（1160698196）：49.00】【单品促销优惠（1031826845）：103.00】【单品促销优惠（1031836841）：14.20】【单品促销优惠（1181528621）：11.10】【单品促销优惠（1038291460）：89.00】【单品促销优惠（1030957237）：123.00】【店铺优惠:50.00】,等待确认收货,销售订单,
8531293366,2015-02-19 15:16:01,463.00,160.00,0.00,0.00,A【单品促销优惠（1031268921）：63.00】【单品促销优惠（1031180370）：79.00】【单品促销优惠（1031827952）：111.00】【店铺优惠:50.00】,等待确认收货,销售订单,
8528921704,2015-02-18 20:37:33,148.00,59.00,0.00,0.00,B【单品促销优惠（1038291460）：89.00】,等待确认收货,销售订单,
8527200487,2015-02-18 17:41:48,296.00,112.00,0.00,0.00,B【单品促销优惠（1031825822）：184.00】,(删除)锁定,销售订单,
8528052353,2015-02-18 17:05:36,195.00,56.00,0.00,0.00,B【单品促销优惠（1031808396）：139.00】,等待确认收货,销售订单,
8526759953,2015-02-18 10:47:51,29.00,9.90,0.00,0.00,B【单品促销优惠（1348189715）：19.10】,(删除)锁定,销售订单,
8524292146,2015-02-18 01:22:08,323.60,91.80,0.00,0.00,A【单品促销优惠（1247970784）：25.80】【单品促销优惠（1160698197）：196.00】【店铺优惠:10.00】,等待出库,销售订单,
8522970850,2015-02-17 19:12:54,390.00,112.00,0.00,0.00,B【单品促销优惠（1031808396）：278.00】,等待确认收货,销售订单,
8522181587,2015-02-17 15:51:55,252.00,105.80,0.00,0.00,B【单品促销优惠（1213126821）：59.10】【单品促销优惠（1247973687）：46.20】【单品促销优惠（1248001565）：40.90】,(删除)锁定,销售订单,
8522895337,2015-02-17 14:51:04,92.00,92.00,0,0,C无优惠,等待确认收货,销售订单,
8519067265,2015-02-16 23:35:21,148.00,59.00,0.00,0.00,B【单品促销优惠（1038291460）：89.00】,等待出库,销售订单,
8519071624,2015-02-16 23:06:12,533.00,180.00,0.00,0.00,A【单品促销优惠（1031268921）：63.00】【单品促销优惠（1038291460）：89.00】【单品促销优惠（1160698196）：49.00】【单品促销优惠（1181526046）：2.00】【单品促销优惠（1181519315）：2.00】【单品促销优惠（1041750488）：98.00】【店铺优惠:50.00】,(删除)锁定,销售订单,
8518030400,2015-02-16 19:56:59,78.00,39.60,0.00,0.00,B【单品促销优惠（1216417435）：38.40】,等待确认收货,销售订单,
8516862374,2015-02-16 19:41:37,158.00,79.00,0.00,0.00,B【单品促销优惠（1031180370）：79.00】,等待确认收货,销售订单,
8514432371,2015-02-16 12:00:50,506.00,263.00,0.00,0.00,B【单品促销优惠（1030957237）：123.00】【单品促销优惠（1031832162）：120.00】,(删除)锁定,销售订单,
8513013427,2015-02-16 07:57:15,158.00,79.00,0.00,0.00,B【单品促销优惠（1031180370）：79.00】,(删除)锁定,销售订单,
8511875482,2015-02-16 03:06:12,1788.00,534.00,0.00,0.00,B【单品促销优惠（1071191979）：1254.00】,(删除)锁定,销售订单,
8511118314,2015-02-16 00:15:49,92.00,92.00,0,0,C无优惠,等待确认收货,销售订单,
8506886040,2015-02-15 10:32:41,544.00,160.90,0.00,0.00,A【单品促销优惠（1031864931）：24.10】【店铺优惠:50.00】【单品促销优惠（1038291460）：89.00】【单品促销优惠（1053929675）：11.00】【单品促销优惠（1041750488）：98.00】【单品促销优惠（1031827952）：111.00】,等待确认收货,销售订单,
8504329435,2015-02-15 06:16:57,298.00,89.00,0.00,0.00,B【单品促销优惠（1071191979）：209.00】,(删除)锁定,销售订单,
8503969340,2015-02-15 00:47:48,92.00,39.80,0.00,0.00,B【单品促销优惠（1079224128）：52.20】,等待确认收货,销售订单,
8502056506,2015-02-14 22:36:54,827.00,302.00,0.00,0.00,B【单品促销优惠（1038291460）：89.00】【单品促销优惠（1031827952）：111.00】【单品促销优惠（1031268921）：63.00】【单品促销优惠（1031808396）：139.00】【单品促销优惠（1030957237）：123.00】,(删除)锁定,销售订单,
8501997758,2015-02-14 22:23:53,294.00,98.00,0.00,0.00,B【单品促销优惠（1041750488）：196.00】,等待确认收货,销售订单,
8501579733,2015-02-14 19:15:40,891.00,157.00,0.00,0.00,A【单品促销优惠（1096568963）：684.00】【店铺优惠:50.00】,(删除)锁定,销售订单,
8501537124,2015-02-14 18:44:04,466.00,161.00,0.00,0.00,A【单品促销优惠（1031824498）：116.00】【单品促销优惠（1031830982）：139.00】【店铺优惠:50.00】,等待确认收货,销售订单,
8500136474,2015-02-14 17:55:41,573.00,166.00,0.00,0.00,A【店铺优惠:50.00】【单品促销优惠（1031825822）：276.00】【单品促销优惠（1323453413）：81.00】,等待出库,销售订单,
8499411439,2015-02-14 16:02:25,195.00,56.00,0.00,0.00,B【单品促销优惠（1031808396）：139.00】,等待确认收货,销售订单,
8498425401,2015-02-14 10:52:53,352.00,170.60,0.00,0.00,B【单品促销优惠（1031831609）：42.40】【单品促销优惠（1031830982）：139.00】,(删除)锁定,销售订单,
8496659543,2015-02-14 08:44:49,39.00,19.80,0.00,0.00,B【单品促销优惠（1216417435）：19.20】,(删除)锁定,销售订单,
8493650095,2015-02-13 22:38:20,148.00,56.00,0.00,0.00,B【单品促销优惠（1031825822）：92.00】,等待确认收货,销售订单,
8494198949,2015-02-13 21:43:02,69.00,39.00,0.00,0.00,B【单品促销优惠（1178530987）：30.00】,(删除)锁定,销售订单,
8494001853,2015-02-13 21:17:35,566.00,178.00,0.00,0.00,A【单品促销优惠（1234083810）：129.00】【单品促销优惠（1071191979）：209.00】【店铺优惠:50.00】,(删除)锁定,销售订单,
8492115679,2015-02-13 19:04:11,149.00,46.00,0.00,0.00,B【单品促销优惠（1031826845）：103.00】,(删除)锁定,销售订单,
8491884542,2015-02-13 18:25:04,219.00,117.00,0.00,0.00,B【单品促销优惠（1060294136）：102.00】,(删除)锁定,销售订单,
8492304669,2015-02-13 17:12:05,566.00,178.00,0.00,0.00,A【单品促销优惠（1234083810）：129.00】【单品促销优惠（1071191979）：209.00】【店铺优惠:50.00】,等待出库,销售订单,
8492308992,2015-02-13 16:49:35,246.00,104.80,0.00,0.00,B【单品促销优惠（1213126821）：59.10】【单品促销优惠（1031268921）：63.00】【单品促销优惠（1348189715）：19.10】,(删除)锁定,销售订单,
8491713433,2015-02-13 15:51:44,436.00,157.00,0.00,0.00,A【单品促销优惠（1031836841）：71.00】【单品促销优惠（1031180370）：158.00】【店铺优惠:50.00】,等待出库,销售订单,
8490760410,2015-02-13 15:47:52,52.80,29.70,0.00,0.00,B【单品促销优惠（1247963581）：23.10】,(删除)锁定,销售订单,
8491771104,2015-02-13 15:37:34,672.00,151.00,0.00,0.00,A【单品促销优惠（1031808396）：139.00】【单品促销优惠（1071191979）：209.00】【单品促销优惠（1030957237）：123.00】【店铺优惠:50.00】,等待出库,销售订单,
8490110629,2015-02-13 12:13:09,158.00,79.00,0.00,0.00,B【单品促销优惠（1031180370）：79.00】,等待确认收货,销售订单,
8488371538,2015-02-13 10:32:11,596.00,178.00,0.00,0.00,B【单品促销优惠（1071191979）：418.00】,(删除)锁定,销售订单,
8487968546,2015-02-13 09:46:48,1038.00,273.40,0.00,0.00,A【单品促销优惠（1178472591）：69.10】【店铺优惠:50.00】【单品促销优惠（1248041946）：49.10】【单品促销优惠（1334284628）：80.40】【单品促销优惠（1031808396）：139.00】【单品促销优惠（1096260100）：266.00】【单品促销优惠（1031827952）：111.00】,等待确认收货,销售订单,
8488496996,2015-02-13 08:33:01,128.00,65.00,0.00,0.00,B【单品促销优惠（1031268921）：63.00】,(删除)锁定,销售订单,
8483084097,2015-02-12 21:19:22,436.00,197.00,0.00,0.00,B【单品促销优惠（1051105098）：100.00】【单品促销优惠（1031830982）：139.00】,等待确认收货,销售订单,
8482535461,2015-02-12 20:34:54,540.00,169.00,0.00,0.00,A【单品促销优惠（1031268921）：63.00】【单品促销优惠（1038291460）：89.00】【单品促销优惠（1031808396）：139.00】【单品促销优惠（1178530987）：30.00】【店铺优惠:50.00】,(删除)锁定,销售订单,
8480713888,2015-02-12 17:58:12,177.00,66.00,0.00,0.00,B【单品促销优惠（1031827952）：111.00】,等待确认收货,销售订单,
8479809653,2015-02-12 17:06:05,656.00,149.20,0.00,0.00,A【单品促销优惠（1031808396）：278.00】【单品促销优惠（1348189715）：38.20】【店铺优惠:50.00】【单品促销优惠（1160698197）：49.00】【单品促销优惠（1031836841）：42.60】【单品促销优惠（1160698196）：49.00】,(删除)锁定,销售订单,
8476051995,2015-02-12 14:01:52,426.00,218.00,9.00,0.00,B【单品促销优惠（1031180370）：79.00】【单品促销优惠（1234083810）：129.00】,完成,销售订单,
8475797584,2015-02-12 12:35:37,2086.00,623.00,0.00,0.00,B【单品促销优惠（1071191979）：1463.00】,(删除)锁定,销售订单,
8474053860,2015-02-12 10:52:24,531.00,151.50,0.00,0.00,A【单品促销优惠（1031836841）：35.50】【单品促销优惠（1031268921）：63.00】【单品促销优惠（1031825822）：92.00】【单品促销优惠（1031808396）：139.00】【店铺优惠:50.00】,等待确认收货,销售订单,
8472848955,2015-02-12 10:45:40,316.00,158.00,0.00,0.00,B【单品促销优惠（1031180370）：158.00】,等待确认收货,销售订单,
8473221625,2015-02-12 10:14:07,158.00,58.00,0.00,0.00,B【单品促销优惠（1051105098）：100.00】,等待确认收货,销售订单,
8472915969,2015-02-12 09:58:06,536.00,226.00,0.00,0.00,A【单品促销优惠（1234083810）：260.00】【店铺优惠:50.00】,完成,销售订单,
8472696476,2015-02-12 09:35:56,463.00,153.00,0.00,0.00,A【店铺优惠:50.00】【单品促销优惠（1038291460）：89.00】【单品促销优惠（1178530987）：60.00】【单品促销优惠（1031827952）：111.00】,等待确认收货,销售订单,
8472636788,2015-02-12 09:32:19,579.00,155.80,0.00,0.00,A【单品促销优惠（1031827952）：111.00】【店铺优惠:50.00】【单品促销优惠（1051105098）：50.00】【单品促销优惠（1248041946）：49.10】【单品促销优惠（1408491153）：24.10】【单品促销优惠（1031808396）：139.00】,等待确认收货,销售订单,
8471328374,2015-02-12 09:18:34,774.00,424.00,0.00,0.00,A【店铺优惠:50.00】【单品促销优惠（1060953916）：300.00】,等待确认收货,销售订单,
8471240059,2015-02-12 09:13:53,258.00,158.00,0.00,0.00,B【单品促销优惠（1060953916）：100.00】,完成,销售订单,
8471213882,2015-02-12 09:07:44,177.00,66.00,0.00,51.00,B【单品促销优惠（1031827952）：111.00】,等待确认收货,销售订单,
8471432877,2015-02-12 08:27:10,722.00,218.00,0.00,0.00,A【单品促销优惠（1051105098）：150.00】【店铺优惠:50.00】【单品促销优惠（1031180370）：79.00】【单品促销优惠（1031825822）：92.00】【单品促销优惠（1096260100）：133.00】,(删除)锁定,销售订单,
8463590850,2015-02-12 00:34:26,463.00,157.00,0.00,0.00,A【店铺优惠:50.00】【单品促销优惠（1031180370）：158.00】【单品促销优惠（1041750488）：98.00】,等待确认收货,销售订单,
8463240790,2015-02-12 00:13:01,864.00,267.00,0.00,0.00,A【单品促销优惠（1234083810）：129.00】【单品促销优惠（1071191979）：418.00】【店铺优惠:50.00】,等待确认收货,销售订单,
8463076769,2015-02-11 23:11:37,516.00,266.00,0.00,0.00,A【单品促销优惠（1060953916）：200.00】【店铺优惠:50.00】,等待确认收货,销售订单,
8461834504,2015-02-11 21:59:52,568.20,161.90,0.00,0.00,A【单品促销优惠（1213152357）：60.00】【单品促销优惠（1051105098）：50.00】【单品促销优惠（1181528621）：11.10】【单品促销优惠（1031808396）：139.00】【单品促销优惠（1213137693）：50.00】【单品促销优惠（1247973687）：46.20】【店铺优惠:50.00】,等待确认收货,销售订单,
8461568809,2015-02-11 21:54:31,298.00,89.00,0.00,0.00,B【单品促销优惠（1071191979）：209.00】,等待确认收货,销售订单,
8459675931,2015-02-11 21:06:58,387.00,156.00,0.00,0.00,A【店铺优惠:50.00】【单品促销优惠（1060953916）：100.00】【单品促销优惠（1323453413）：81.00】,完成,销售订单,
8459154098,2015-02-11 20:37:40,562.00,173.00,0.00,0.00,A【单品促销优惠（1031808396）：139.00】【单品促销优惠（1038291460）：89.00】【单品促销优惠（1031827952）：111.00】【店铺优惠:50.00】,完成,销售订单,
8459825680,2015-02-11 20:16:17,526.00,163.60,0.00,0.00,A【单品促销优惠（1031180370）：79.00】【单品促销优惠（1031825822）：92.00】【店铺优惠:50.00】【单品促销优惠（1051105098）：50.00】【单品促销优惠（1096451902）：77.20】【单品促销优惠（1031836841）：14.20】,完成,销售订单,
8459528605,2015-02-11 20:09:39,200.00,89.40,3.00,0.00,B【单品促销优惠（1031836841）：42.60】【单品促销优惠（1031838227）：68.00】,等待确认收货,销售订单,
8459366256,2015-02-11 19:54:06,1340.00,695.00,0.00,0.00,B【单品促销优惠（1234083810）：645.00】,等待确认收货,销售订单,
8459071173,2015-02-11 19:01:49,131.20,85.00,0.00,0.00,B【单品促销优惠（1247973687）：46.20】,等待确认收货,销售订单,
8456662259,2015-02-11 18:35:58,598.00,150.80,0.00,0.00,A【单品促销优惠（1059049671）：89.00】【单品促销优惠（1031836841）：7.10】【单品促销优惠（1181528621）：11.10】【单品促销优惠（1071191979）：209.00】【单品促销优惠（1323453413）：81.00】【店铺优惠:50.00】,(删除)锁定,销售订单,
8455979533,2015-02-11 17:17:07,537.00,168.00,0.00,0.00,B【单品促销优惠（1030957237）：369.00】,等待确认收货,销售订单,
8453718023,2015-02-11 16:19:30,566.00,178.00,0.00,0.00,A【店铺优惠:50.00】【单品促销优惠（1234083810）：129.00】【单品促销优惠（1071191979）：209.00】,等待确认收货,销售订单,
8451742872,2015-02-11 14:15:37,516.00,266.00,0.00,0.00,A【店铺优惠:50.00】【单品促销优惠（1060953916）：200.00】,完成,销售订单,
8449882787,2015-02-11 13:48:02,894.00,217.00,0.00,0.00,A【店铺优惠:50.00】【单品促销优惠（1071191979）：627.00】,(删除)锁定,销售订单,
8450652793,2015-02-11 13:40:37,258.00,158.00,0.00,0.00,B【单品促销优惠（1060953916）：100.00】,等待确认收货,销售订单,
8449239071,2015-02-11 13:24:24,639.00,157.00,0.00,0.00,A【单品促销优惠（1031825822）：92.00】【店铺优惠:50.00】【单品促销优惠（1031808396）：139.00】【单品促销优惠（1041750488）：98.00】【单品促销优惠（1031826845）：103.00】,等待确认收货,销售订单,
8447976526,2015-02-11 12:35:26,326.00,112.00,0.00,0.00,B【单品促销优惠（1031826845）：103.00】【单品促销优惠（1031827952）：111.00】,等待确认收货,销售订单,
8448759296,2015-02-11 12:26:10,625.00,154.00,0.00,0.00,A【店铺优惠:50.00】【单品促销优惠（1038291460）：89.00】【单品促销优惠（1030957237）：123.00】【单品促销优惠（1071191979）：209.00】,完成,销售订单,
8446546954,2015-02-11 11:44:46,358.00,112.00,0.00,0.00,B【单品促销优惠（1030957237）：246.00】,完成,销售订单,
8446742205,2015-02-11 10:35:03,589.20,221.80,0.00,0.00,B【单品促销优惠（1181528621）：22.20】【单品促销优惠（1213137693）：50.00】【单品促销优惠（1051105098）：50.00】【单品促销优惠（1213152357）：60.00】【单品促销优惠（1031808396）：139.00】【单品促销优惠（1247973687）：46.20】,(删除)锁定,销售订单,
8443509866,2015-02-11 10:03:34,617.60,152.70,0.00,0.00,A【单品促销优惠（1031831609）：21.20】【单品促销优惠（1264909549）：19.10】【单品促销优惠（1216406256）：19.10】【单品促销优惠（1160698197）：49.00】【单品促销优惠（1031836841）：14.20】【单品促销优惠（1247963581）：7.70】【单品促销优惠（1096260100）：133.00】【单品促销优惠（1041750488）：98.00】【单品促销优惠（1160109797）：53.60】【店铺优惠:50.00】,等待确认收货,销售订单,
8443469854,2015-02-11 10:02:06,473.00,149.90,0.00,0.00,A【单品促销优惠（1248041946）：49.10】【单品促销优惠（1051105098）：50.00】【单品促销优惠（1031268921）：63.00】【单品促销优惠（1031827952）：111.00】【店铺优惠:50.00】,完成,销售订单,
8444154565,2015-02-11 09:53:59,743.00,177.00,0.00,0.00,A【单品促销优惠（1041750488）：98.00】【单品促销优惠（1071191979）：418.00】【店铺优惠:50.00】,完成,销售订单,
8443980433,2015-02-11 09:47:16,35.20,19.80,0.00,0.00,B【单品促销优惠（1247963581）：15.40】,等待确认收货,销售订单,
8442949094,2015-02-11 09:42:39,566.00,178.00,0.00,0.00,A【单品促销优惠（1071191979）：209.00】【单品促销优惠（1234083810）：129.00】【店铺优惠:50.00】,(删除)锁定,销售订单,
8441848389,2015-02-11 08:25:27,1199.20,422.60,0.00,0.00,A【单品促销优惠（1031808396）：139.00】【单品促销优惠（1193004860）：208.00】【单品促销优惠（1031826845）：103.00】【单品促销优惠（1247973687）：46.20】【单品促销优惠（1031268921）：63.00】【单品促销优惠（1038291460）：89.00】【单品促销优惠（1334284628）：40.20】【单品促销优惠（1216406256）：38.20】【店铺优惠:50.00】,完成,销售订单,
8440952409,2015-02-11 07:48:42,258.00,158.00,0.00,0.00,B【单品促销优惠（1060953916）：100.00】,完成,销售订单,
8437270095,2015-02-11 05:58:31,77.80,36.90,0.00,0.00,B【单品促销优惠（1248001565）：40.90】,等待确认收货,销售订单,
8430035766,2015-02-11 00:54:01,735.00,245.00,0.00,0.00,B【单品促销优惠（1041750488）：490.00】,等待确认收货,销售订单,
8429280211,2015-02-11 00:18:41,258.00,158.00,0.00,0.00,B【单品促销优惠（1060953916）：100.00】,完成,销售订单,
8440624870,2015-02-11 00:02:53,258.00,158.00,0.00,0.00,B【单品促销优惠（1060953916）：100.00】,完成,销售订单,
8429607760,2015-02-10 23:48:59,426.00,162.70,0.00,0.00,A【单品促销优惠（1248041946）：49.10】【单品促销优惠（1031806164）：35.20】【单品促销优惠（1234083810）：129.00】【店铺优惠:50.00】,等待确认收货,销售订单,
8429502108,2015-02-10 23:44:39,466.00,228.00,0.00,0.00,A【单品促销优惠（1232794954）：59.00】【单品促销优惠（1234083810）：129.00】【店铺优惠:50.00】,等待确认收货,销售订单,
8429262953,2015-02-10 23:40:55,128.00,79.00,0.00,0.00,B【单品促销优惠（1079082723）：49.00】,等待确认收货,销售订单,
8429297304,2015-02-10 23:36:15,893.00,314.40,0.00,0.00,A【单品促销优惠（1031268921）：63.00】【单品促销优惠（1031827952）：111.00】【店铺优惠:50.00】【单品促销优惠（1213148978）：37.10】【单品促销优惠（1031831609）：42.40】【单品促销优惠（1031835682）：29.10】【单品促销优惠（1030957237）：246.00】,完成,销售订单,
8428618109,2015-02-10 23:14:29,98.00,29.00,0.00,0.00,B【单品促销优惠（1031864369）：69.00】,完成,销售订单,
8428194657,2015-02-10 22:58:15,572.00,166.80,0.00,0.00,A【单品促销优惠（1031268921）：63.00】【单品促销优惠（1031827952）：111.00】【店铺优惠:50.00】【单品促销优惠（1264909549）：38.20】【单品促销优惠（1305382511）：40.00】【单品促销优惠（1031826845）：103.00】,等待确认收货,销售订单,
8426871851,2015-02-10 22:43:58,109.00,69.00,2.00,0.00,B【单品促销优惠（1031832162）：40.00】,完成,销售订单,
8427739769,2015-02-10 22:40:57,804.00,367.00,0.00,0.00,A【单品促销优惠（1234083810）：387.00】【店铺优惠:50.00】,完成,销售订单,
8427870796,2015-02-10 22:40:22,564.00,160.80,0.00,0.00,A【单品促销优惠（1031827952）：111.00】【店铺优惠:50.00】【单品促销优惠（1031825822）：92.00】【单品促销优惠（1041750488）：98.00】【单品促销优惠（1079224128）：52.20】,等待确认收货,销售订单,
8427727985,2015-02-10 22:36:55,667.00,177.00,0.00,0.00,A【单品促销优惠（1031827952）：111.00】【单品促销优惠（1031825822）：92.00】【单品促销优惠（1031808396）：139.00】【单品促销优惠（1041750488）：98.00】【店铺优惠:50.00】,等待确认收货,销售订单,
8426572755,2015-02-10 22:34:17,511.00,164.00,0.00,0.00,A【店铺优惠:50.00】【单品促销优惠（1031180370）：158.00】【单品促销优惠（1031808396）：139.00】,完成,销售订单,
8427641816,2015-02-10 22:31:35,375.00,155.00,0.00,0.00,A【单品促销优惠（1031827952）：111.00】【单品促销优惠（1232794954）：59.00】【店铺优惠:50.00】,等待确认收货,销售订单,
8426433003,2015-02-10 22:28:08,60.00,20.00,0.00,0.00,B【单品促销优惠（1305382511）：40.00】,等待确认收货,销售订单,
8427422020,2015-02-10 22:23:13,524.00,177.00,0.00,0.00,A【店铺优惠:50.00】【单品促销优惠（1038291460）：89.00】【单品促销优惠（1193004860）：208.00】,(删除)锁定,销售订单,
8425907554,2015-02-10 22:04:58,516.00,316.00,13.00,0.00,B【单品促销优惠（1060953916）：200.00】,完成,销售订单,
8425933529,2015-02-10 21:32:51,568.00,184.50,0.00,0.00,A【单品促销优惠（1031831609）：42.40】【单品促销优惠（1031268921）：63.00】【单品促销优惠（1031864369）：69.00】【单品促销优惠（1031270315）：48.10】【单品促销优惠（1031827952）：111.00】【店铺优惠:50.00】,等待确认收货,销售订单,
8425056364,2015-02-10 20:54:05,580.00,167.50,0.00,0.00,A【单品促销优惠（1177338752）：61.00】【单品促销优惠（1096451902）：77.20】【单品促销优惠（1051081632）：120.00】【单品促销优惠（1213148978）：37.10】【单品促销优惠（1264909549）：19.10】【单品促销优惠（1031270315）：48.10】【店铺优惠:50.00】,等待确认收货,销售订单,
8423899926,2015-02-10 20:45:23,1037.00,451.80,0.00,0.00,B【单品促销优惠（1031864931）：48.20】【单品促销优惠（1060953916）：100.00】【单品促销优惠（1060294136）：68.00】【单品促销优惠（1030957237）：369.00】,等待确认收货,销售订单,
8423745560,2015-02-10 20:03:57,654.00,414.00,0.00,0.00,B【单品促销优惠（1079134370）：240.00】,等待确认收货,销售订单,
8422194607,2015-02-10 19:49:15,316.00,158.00,0.00,0.00,B【单品促销优惠（1031180370）：158.00】,等待确认收货,销售订单,
8422601320,2015-02-10 19:22:13,296.00,118.00,0.00,0.00,B【单品促销优惠（1038291460）：178.00】,完成,销售订单,
8420414631,2015-02-10 18:43:14,457.00,157.90,0.00,0.00,A【单品促销优惠（1353616577）：30.00】【单品促销优惠（1178530987）：60.00】【单品促销优惠（1030957716）：38.10】【单品促销优惠（1031826593）：50.00】【单品促销优惠（1096534858）：71.00】【店铺优惠:50.00】,完成,销售订单,
8420597264,2015-02-10 18:06:32,414.00,149.70,0.00,0.00,B【单品促销优惠（1079014906）：264.30】,完成,销售订单,
8419162254,2015-02-10 17:51:15,816.00,173.00,0.00,0.00,A【单品促销优惠（1031826845）：103.00】【单品促销优惠（1096568963）：456.00】【单品促销优惠（1060294136）：34.00】【店铺优惠:50.00】,等待确认收货,销售订单,
8419866949,2015-02-10 17:43:52,536.00,278.00,0.00,0.00,B【单品促销优惠（1234083810）：258.00】,完成,销售订单,
8418162011,2015-02-10 17:14:54,356.00,112.00,0.00,0.00,B【单品促销优惠（1031827952）：111.00】【单品促销优惠（1096260100）：133.00】,等待确认收货,销售订单,
8418044251,2015-02-10 17:10:04,222.00,64.00,0.00,0.00,B【单品促销优惠（1116488900）：158.00】,等待确认收货,销售订单,
8417718478,2015-02-10 16:52:33,366.00,98.00,0.00,0.00,A【单品促销优惠（1178530987）：30.00】【单品促销优惠（1096568963）：228.00】【店铺优惠:10.00】,完成,销售订单,
8417653637,2015-02-10 16:12:19,357.00,158.00,0.00,0.00,A【单品促销优惠（1031830982）：139.00】【单品促销优惠（1051105098）：50.00】【店铺优惠:10.00】,等待确认收货,销售订单,
8415488695,2015-02-10 15:21:43,952.00,245.80,0.00,0.00,A【单品促销优惠（1216406256）：19.10】【单品促销优惠（1031826845）：618.00】【单品促销优惠（1264909549）：19.10】【店铺优惠:50.00】,完成,销售订单,
8415149506,2015-02-10 15:00:56,482.80,150.80,0.00,0.00,A【单品促销优惠（1181526046）：2.00】【单品促销优惠（1248041946）：49.10】【单品促销优惠（1031825822）：92.00】【单品促销优惠（1041750488）：98.00】【单品促销优惠（1248001565）：40.90】【店铺优惠:50.00】,等待确认收货,销售订单,
8416071528,2015-02-10 14:54:48,331.00,89.30,0.00,0.00,A【单品促销优惠（1160698196）：49.00】【单品促销优惠（1031836841）：49.70】【单品促销优惠（1096260100）：133.00】【店铺优惠:10.00】,完成,销售订单,
8414885858,2015-02-10 14:48:34,569.00,209.00,0.00,0.00,A【单品促销优惠（1031860432）：10.00】【单品促销优惠（1031268921）：63.00】【单品促销优惠（1031808396）：139.00】【单品促销优惠（1041750488）：98.00】【店铺优惠:50.00】,等待确认收货,销售订单,
8415726124,2015-02-10 14:38:51,650.00,233.00,0.00,0.00,B【单品促销优惠（1031825822）：92.00】【单品促销优惠（1031268921）：63.00】【单品促销优惠（1031808396）：139.00】【单品促销优惠（1030957237）：123.00】,(删除)锁定,销售订单,
